work,vol
W0001,W01
W0002,W01
W0003,W01
W0004,W01
W0005,W01
W0006,W01
W0007,W01
W0008,W01
W0009,W01
W0010,W01
W0011,W01
W0012,W01
W0013,W01
W0014a,W01
W0014b,W01
W0014c,W01
W0015a,W01
W0015b,W01
W0015c,W01
W0015d,W01
W0016,W01
W0017,W02
W0018a,W02
W0018b,W02
W0019,W02
W0020,W02
W0021,W02
W0022,W02
W0023,W03
W0024,W03
W0025,W03
W0026,W03
W0027,W03
W0028,W03
W0029,W03
W0030,W03
W0031a,W03
W0031b,W03
W0031c,W03
W0031d,W03
W0031e,W03
W0032,W03
W0033,W04
W0034,W04
W0035,W04
W0036,W04
W0037,W04
W0038,W04
W0039,W04
W0040,W04
W0041,W04
W0042,W04
W0043a,W04
W0043b,W04
W0044,W04
W0045,W05
W0046,W05
W0047,W05
W0048,W05
W0049,W05
W0050,W05
W0051,W06
W0052,W06
W0053,W06
W0054,W06
W0055,W06
W0056,W06
W0057,W06
W0058,W07
W0059a,W07
W0059b,W07
W0060,W07
W0061,W07
W0062,W07
W0063,W07
W0064a,W07
W0064b,W07
W0064c,W07
W0064d,W07
W0064e,W07
W0064f,W07
W0064g,W07
W0064h,W07
W0065,W07
W0066,W07
W0067,W08
W0068,W08
W0069,W08
W0070,W08
W0071,W08
W0072,W09
W0073a,W09
W0073b,W09
W0073c,W09
W0073d,W09
W0073e,W09
W0073f,W09
W0073g,W09
W0073h,W09
W0074,W09
W0075,W09
W0076,W09
W0077,W09
